Year,Tournament,Team 1,Team 2,Result
2026,Winter,Voidliss#NA1,SK Telecom T1#Faker,Voidliss#NA1
2026,Winter,Ene#TFT,SK Telecom T1#Faker,SK Telecom T1#Faker
2026,Winter,Voidliss#NA1,Xemacs#LOR,Voidliss#NA1
2026,Winter,SK Telecom T1#Faker,Xemacs#LOR,SK Telecom T1#Faker
2026,Winter,Ene#TFT,index#fngr,Ene#TFT
2026,Winter,Xemacs#LOR,index#fngr,Xemacs#LOR
2026,Winter,Voidliss#NA1,abrahampark#NA1,Voidliss#NA1
2026,Winter,SK Telecom T1#Faker,Ene#TFT,SK Telecom T1#Faker
2026,Winter,Ene#TFT,Xemacs#LOR,Ene#TFT
2026,Winter,abrahampark#NA1,index#fngr,abrahampark#NA1
2026,Winter,abrahampark#NA1,Ene#TFT,abrahampark#NA1
2026,Winter,SK Telecom T1#Faker,Voidliss#NA1,SK Telecom T1#Faker
2026,Winter,abrahampark#NA1,SK Telecom T1#Faker,SK Telecom T1#Faker
2026,Winter,Xemacs#LOR,Voidliss#NA1,Voidliss#NA1
2026,Winter,SK Telecom T1#Faker,index#fngr,SK Telecom T1#Faker
2026,Winter,Voidliss#NA1,Ene#TFT,Voidliss#NA1
2026,Winter,Voidliss#NA1,index#fngr,Voidliss#NA1
2026,Winter,abrahampark#NA1,Xemacs#LOR,Xemacs#LOR
2025,Summer,Voidliss#NA1,JS Bach#NA1,Voidliss#NA1
2025,Summer,JS Bach#NA1,Xemacs#LOR,JS Bach#NA1
2025,Summer,Voidliss#NA1,Salt Frog#NA1,Voidliss#NA1
2025,Summer,JS Bach#NA1,Xemacs#LOR,JS Bach#NA1
2025,Summer,Xemacs#LOR,Voidliss#NA1,Xemacs#LOR
2025,Summer,Kalesvol#DOOB,torpid7#777,torpid7#777
2025,Summer,Voidliss#NA1,Kiny#0001,Voidliss#NA1
2025,Summer,Xemacs#LOR,torpid7#777,Xemacs#LOR
2025,Summer,Kiny#0001,Xemacs#LOR,Kiny#0001
2025,Summer,Voidliss#NA1,Kalesvol#DOOB,Voidliss#NA1
2025,Summer,Kiny#0001,torpid7#777,Kiny#0001
2025,Summer,Xemacs#LOR,Kalesvol#DOOB,Xemacs#LOR
2025,Summer,Voidliss#NA1,torpid7#777,Voidliss#NA1
2025,Summer,Kiny#0001,Kalesvol#DOOB,Kiny#0001
2025,Summer,Feiro#NA1,No Love#NA1,Feiro#NA1
2025,Summer,JS Bach#NA1,MeguFace#69,JS Bach#NA1
2025,Summer,No Love#NA1,MeguFace#69,No Love#NA1
2025,Summer,Feiro#NA1,Salt Frog#NA1,Feiro#NA1
2025,Summer,No Love#NA1,Salt Frog#NA1,No Love#NA1
2025,Summer,JS Bach#NA1,Feiro#NA1,JS Bach#NA1
2025,Summer,MeguFace#69,Salt Frog#NA1,MeguFace#69
2025,Summer,JS Bach#NA1,No Love#NA1,JS Bach#NA1
2025,Summer,MeguFace#69,Salt Frog#NA1,MeguFace#69
2025,Summer,Feiro#NA1,MeguFace#69,Feiro#NA1
2025,Summer,JS Bach#NA1,Salt Frog#NA1,JS Bach#NA1
2025,Winter,sanxfel,abrahampark#NA1,abrahampark#NA1
2025,Winter,abrahampark#NA1,index#fngr,abrahampark#NA1
2025,Winter,sanxfel,Voidliss#NA1,sanxfel
2025,Winter,index#fngr,Voidliss#NA1,index#fngr
2025,Winter,sanxfel,abrahampark#NA1,sanxfel
2025,Winter,sanxfel,index#fngr,sanxfel
2025,Winter,Voidliss#NA1,Xemacs#LOR,Voidliss#NA1
2025,Winter,abrahampark#NA1,index#fngr,abrahampark#NA1
2025,Winter,sanxfel,Xemacs#LOR,sanxfel
2025,Winter,Xemacs#LOR,abrahampark#NA1,Xemacs#LOR
2025,Winter,sanxfel,Voidliss#NA1,sanxfel
2025,Winter,index#fngr,Xemacs#LOR,index#fngr
2025,Winter,abrahampark#NA1,Voidliss#NA1,abrahampark#NA1
2024,Summer,Voidliss#NA1,No Love#NA1,Voidliss#NA1
2024,Summer,Voidliss#NA1,abrahampark#NA1,Voidliss#NA1
2024,Summer,No Love#NA1,Kalesvol#DOOB,No Love#NA1
2024,Summer,Voidliss#NA1,No Love#NA1,Voidliss#NA1
2024,Summer,JS Bach#NA1,Yeetor#0828,JS Bach#NA1
2024,Summer,No Love#NA1,JS Bach#NA1,No Love#NA1
2024,Summer,Xemacs#LOR,Yeetor#0828,Xemacs#LOR
2024,Summer,Voidliss#NA1,Yeetor#0828,Voidliss#NA1
2024,Summer,Xemacs#LOR,JS Bach#NA1,Xemacs#LOR
2024,Summer,No Love#NA1,Xemacs#LOR,No Love#NA1
2024,Summer,Voidliss#NA1,JS Bach#NA1,Voidliss#NA1
2024,Summer,Voidliss#NA1,Xemacs#LOR,Voidliss#NA1
2024,Summer,No Love#NA1,Yeetor#0828,No Love#NA1
2024,Summer,abrahampark#NA1,SK Telecom T1#Faker,abrahampark#NA1
2024,Summer,Kiny#0001,Kalesvol#DOOB,Kiny#0001
2024,Summer,SK Telecom T1#Faker,police defunder#NA1,SK Telecom T1#Faker
2024,Summer,abrahampark#NA1,Kiny#0001,abrahampark#NA1
2024,Summer,abrahampark#NA1,police defunder#NA1,abrahampark#NA1
2024,Summer,Kalesvol#DOOB,SK Telecom T1#Faker,Kalesvol#DOOB
2024,Summer,Kiny#0001,police defunder#NA1,Kiny#0001
2024,Summer,Kalesvol#DOOB,abrahampark#NA1,Kalesvol#DOOB
2024,Summer,Kiny#0001,SK Telecom T1#Faker,Kiny#0001
2024,Summer,Kalesvol#DOOB,police defunder#NA1,Kalesvol#DOOB
2024,Winter,Xemacs#LOR,SK Telecom T1#Faker,Xemacs#LOR
2024,Winter,SK Telecom T1#Faker,index#fngr,SK Telecom T1#Faker
2024,Winter,Xemacs#LOR,Inspiring#309,Xemacs#LOR
2024,Winter,SK Telecom T1#Faker,abrahampark#NA1,SK Telecom T1#Faker
2024,Winter,SK Telecom T1#Faker,Yeetor#0828,SK Telecom T1#Faker
2024,Winter,index#fngr,Yeetor#0828,index#fngr
2024,Winter,Xemacs#LOR,abrahampark#NA1,Xemacs#LOR
2024,Winter,Xemacs#LOR,Inspiring#309,Xemacs#LOR
2024,Winter,index#fngr,SK Telecom T1#Faker,index#fngr
2024,Winter,Inspiring#309,abrahampark#NA1,Inspiring#309
2024,Winter,Inspiring#309,Yeetor#0828,Inspiring#309
2024,Winter,index#fngr,Xemacs#LOR,Xemacs#LOR
2024,Winter,index#fngr,Inspiring#309,Inspiring#309
2024,Winter,Xemacs#LOR,SK Telecom T1#Faker,Xemacs#LOR
2024,Winter,SK Telecom T1#Faker,Inspiring#309,SK Telecom T1#Faker
2024,Winter,Yeetor#0828,abrahampark#NA1,Yeetor#0828
2024,Winter,index#fngr,abrahampark#NA1,index#fngr
2024,Winter,Yeetor#0828,Xemacs#LOR,Yeetor#0828
2024,Winter,abrahampark#NA1,index#fngr,index#fngr
2023,Summer,No Love#NA1,Xemacs#LOR,No Love#NA1
2023,Summer,Xemacs#LOR,Voidliss#NA1,Xemacs#LOR
2023,Summer,No Love#NA1,Kalesvol#DOOB,No Love#NA1
2023,Summer,Kalesvol#DOOB,greenepic#NA1,Kalesvol#DOOB
2023,Summer,Xemacs#LOR,sanxfel,Xemacs#LOR
2023,Summer,Kalesvol#DOOB,sanxfel,Kalesvol#DOOB
2023,Summer,Yeetor#0828,FirstSeraph#NA1,Yeetor#0828
2023,Summer,Kalesvol#DOOB,Yeetor#0828,Kalesvol#DOOB
2023,Summer,FirstSeraph#NA1,Xemacs#LOR,FirstSeraph#NA1
2023,Summer,Xemacs#LOR,Yeetor#0828,Xemacs#LOR
2023,Summer,FirstSeraph#NA1,sanxfel,FirstSeraph#NA1
2023,Summer,Yeetor#0828,sanxfel,Yeetor#0828
2023,Summer,Xemacs#LOR,Kalesvol#DOOB,Xemacs#LOR
2023,Summer,Voidliss#NA1,greenepic#NA1,Voidliss#NA1
2023,Summer,No Love#NA1,abrahampark#NA1,No Love#NA1
2023,Summer,TranquilTurtle#NA1,abrahampark#NA1,TranquilTurtle#NA1
2023,Summer,No Love#NA1,greenepic#NA1,No Love#NA1
2023,Summer,Voidliss#NA1,No Love#NA1,Voidliss#NA1
2023,Summer,TranquilTurtle#NA1,greenepic#NA1,TranquilTurtle#NA1
2023,Summer,No Love#NA1,TranquilTurtle#NA1,No Love#NA1
2023,Summer,Voidliss#NA1,abrahampark#NA1,Voidliss#NA1
2023,Summer,TranquilTurtle#NA1,Voidliss#NA1,Voidliss#NA1
2023,Summer,greenepic#NA1,abrahampark#NA1,greenepic#NA1
2023,Winter,JS Bach#NA1,Inspiring#309,JS Bach#NA1
2023,Winter,Inspiring#309,binkyb1inky#NA1,Inspiring#309
2023,Winter,JS Bach#NA1,SK Telecom T1#Faker,JS Bach#NA1
2023,Winter,SK Telecom T1#Faker,Xemacs#LOR,SK Telecom T1#Faker
2023,Winter,JS Bach#NA1,binkyb1inky#NA1,JS Bach#NA1
2023,Winter,JS Bach#NA1,binkyb1inky#NA1,JS Bach#NA1
2023,Winter,binkyb1inky#NA1,SK Telecom T1#Faker,binkyb1inky#NA1
2023,Winter,Inspiring#309,Xemacs#LOR,Inspiring#309
2023,Winter,JS Bach#NA1,Xemacs#LOR,JS Bach#NA1
2023,Winter,Inspiring#309,SK Telecom T1#Faker,Inspiring#309
2023,Winter,Xemacs#LOR,binkyb1inky#NA1,Xemacs#LOR
2023,Winter,JS Bach#NA1,Inspiring#309,JS Bach#NA1
2023,Winter,JS Bach#NA1,SK Telecom T1#Faker,JS Bach#NA1
2023,Winter,binkyb1inky#NA1,Inspiring#309,binkyb1inky#NA1
2022,Summer,Xemacs#LOR,king kang#HUGE,Xemacs#LOR
2022,Summer,Xemacs#LOR,Yeetor#0828,Xemacs#LOR
2022,Summer,king kang#HUGE,TranquilTurtle#NA1,king kang#HUGE
2022,Summer,Xemacs#LOR,Valkorea#T1WIN,Xemacs#LOR
2022,Summer,TranquilTurtle#NA1,SK Telecom T1#Faker,TranquilTurtle#NA1
2022,Summer,SK Telecom T1#Faker,Valkorea#T1WIN,SK Telecom T1#Faker
2022,Summer,TranquilTurtle#NA1,SincerelyG#inny,TranquilTurtle#NA1
2022,Summer,SincerelyG#inny,Valkorea#T1WIN,SincerelyG#inny
2022,Summer,Xemacs#LOR,SK Telecom T1#Faker,Xemacs#LOR
2022,Summer,SK Telecom T1#Faker,abrahampark#NA1,SK Telecom T1#Faker
2022,Summer,TranquilTurtle#NA1,Xemacs#LOR,TranquilTurtle#NA1
2022,Summer,Xemacs#LOR,SincerelyG#inny,Xemacs#LOR
2022,Summer,TranquilTurtle#NA1,Valkorea#T1WIN,TranquilTurtle#NA1
2022,Summer,Yeetor#0828,king kang#HUGE,Yeetor#0828
2022,Summer,Voidliss#NA1,No Love#NA1,Voidliss#NA1
2022,Summer,Yeetor#0828,No Love#NA1,Yeetor#0828
2022,Summer,Voidliss#NA1,JS Bach#NA1,Voidliss#NA1
2022,Summer,Yeetor#0828,JS Bach#NA1,Yeetor#0828
2022,Summer,king kang#HUGE,No Love#NA1,king kang#HUGE
2022,Summer,king kang#HUGE,Voidliss#NA1,king kang#HUGE
2022,Summer,No Love#NA1,JS Bach#NA1,No Love#NA1
2022,Summer,Yeetor#0828,Voidliss#NA1,Yeetor#0828
2022,Summer,king kang#HUGE,JS Bach#NA1,king kang#HUGE
2022,Winter,SK Telecom T1#Faker,Inspiring#309,SK Telecom T1#Faker
2022,Winter,Inspiring#309,abrahampark#NA1,Inspiring#309
2022,Winter,Inspiring#309,Chonky Corp Cat#NA1,Inspiring#309
2022,Winter,Chonky Corp Cat#NA1,JS Bach#NA1,Chonky Corp Cat#NA1
2022,Winter,Inspiring#309,JS Bach#NA1,Inspiring#309
2022,Winter,Inspiring#309,JS Bach#NA1,Inspiring#309
2022,Winter,Chonky Corp Cat#NA1,Inspiring#309,Chonky Corp Cat#NA1
2022,Winter,JS Bach#NA1,Chonky Corp Cat#NA1,JS Bach#NA1
2022,Winter,SK Telecom T1#Faker,Chonky Corp Cat#NA1,SK Telecom T1#Faker
2022,Winter,SK Telecom T1#Faker,Zeteo#NA1,SK Telecom T1#Faker
2022,Winter,abrahampark#NA1,SK Telecom T1#Faker,abrahampark#NA1
2022,Winter,abrahampark#NA1,Zeteo#NA1,abrahampark#NA1
2022,Winter,SK Telecom T1#Faker,Zeteo#NA1,SK Telecom T1#Faker
2022,Winter,SK Telecom T1#Faker,abrahampark#NA1,SK Telecom T1#Faker
2022,Winter,abrahampark#NA1,Zeteo#NA1,abrahampark#NA1
2021,Summer,TranquilTurtle#NA1,Yeetor#0828,TranquilTurtle#NA1
2021,Summer,TranquilTurtle#NA1,Voidliss#NA1,TranquilTurtle#NA1
2021,Summer,Yeetor#0828,xPhanpy#dil,Yeetor#0828
2021,Summer,Voidliss#NA1,Salt Frog#NA1,Voidliss#NA1
2021,Summer,xPhanpy#dil,Kiny#0001,xPhanpy#dil
2021,Summer,xPhanpy#dil,Xemacs#LOR,xPhanpy#dil
2021,Summer,Voidliss#NA1,Xemacs#LOR,Voidliss#NA1
2021,Summer,Voidliss#NA1,Kiny#0001,Voidliss#NA1
2021,Summer,Salt Frog#NA1,Xemacs#LOR,Salt Frog#NA1
2021,Summer,Salt Frog#NA1,xPhanpy#dil,Salt Frog#NA1
2021,Summer,Kiny#0001,Xemacs#LOR,Kiny#0001
2021,Summer,Voidliss#NA1,xPhanpy#dil,Voidliss#NA1
2021,Summer,Kiny#0001,Salt Frog#NA1,Kiny#0001
2021,Summer,JS Bach#NA1,Sober Teddy#NA1,JS Bach#NA1
2021,Summer,Yeetor#0828,king kang#HUGE,Yeetor#0828
2021,Summer,Sober Teddy#NA1,king kang#HUGE,Sober Teddy#NA1
2021,Summer,JS Bach#NA1,TranquilTurtle#NA1,JS Bach#NA1
2021,Summer,Yeetor#0828,Sober Teddy#NA1,Yeetor#0828
2021,Summer,TranquilTurtle#NA1,king kang#HUGE,TranquilTurtle#NA1
2021,Summer,TranquilTurtle#NA1,Sober Teddy#NA1,TranquilTurtle#NA1
2021,Summer,JS Bach#NA1,Yeetor#0828,Yeetor#0828
2021,Summer,king kang#HUGE,JS Bach#NA1,king kang#HUGE
2021,Summer,Yeetor#0828,TranquilTurtle#NA1,Yeetor#0828
2021,Winter,TranquilTurtle#NA1,SK Telecom T1#Faker,TranquilTurtle#NA1
2021,Winter,SK Telecom T1#Faker,Voidliss#NA1,SK Telecom T1#Faker
2021,Winter,TranquilTurtle#NA1,Zeteo#NA1,TranquilTurtle#NA1
2021,Winter,Voidliss#NA1,abrahampark#NA1,Voidliss#NA1
2021,Winter,koclv#FREE,Xemacs#LOR,koclv#FREE
2021,Winter,TranquilTurtle#NA1,abrahampark#NA1,TranquilTurtle#NA1
2021,Winter,Voidliss#NA1,koclv#FREE,Voidliss#NA1
2021,Winter,TranquilTurtle#NA1,Xemacs#LOR,TranquilTurtle#NA1
2021,Winter,TranquilTurtle#NA1,Voidliss#NA1,TranquilTurtle#NA1
2021,Winter,koclv#FREE,abrahampark#NA1,koclv#FREE
2021,Winter,abrahampark#NA1,Xemacs#LOR,abrahampark#NA1
2021,Winter,TranquilTurtle#NA1,koclv#FREE,TranquilTurtle#NA1
2021,Winter,Voidliss#NA1,Xemacs#LOR,Voidliss#NA1
2021,Winter,Chadelure#000,SK Telecom T1#Faker,Chadelure#000
2021,Winter,Liquid Blade#4th,JS Bach#NA1,Liquid Blade#4th
2021,Winter,SK Telecom T1#Faker,Liquid Blade#4th,SK Telecom T1#Faker
2021,Winter,Zeteo#NA1,JS Bach#NA1,Zeteo#NA1
2021,Winter,Chadelure#000,Zeteo#NA1,Zeteo#NA1
2021,Winter,SK Telecom T1#Faker,JS Bach#NA1,SK Telecom T1#Faker
2021,Winter,Zeteo#NA1,Liquid Blade#4th,Zeteo#NA1
2021,Winter,JS Bach#NA1,Chadelure#000,JS Bach#NA1
2021,Winter,SK Telecom T1#Faker,Zeteo#NA1,SK Telecom T1#Faker
2021,Winter,Liquid Blade#4th,Chadelure#000,Liquid Blade#4th
2020,Summer,Xemacs#LOR,king kang#HUGE,king kang#HUGE
2020,Summer,king kang#HUGE,Dark Star#FFG,king kang#HUGE
2020,Summer,Xemacs#LOR,king kang#HUGE,Xemacs#LOR
2020,Summer,Dark Star#FFG,TranquilTurtle#NA1,Dark Star#FFG
2020,Summer,Xemacs#LOR,yabuo#BUO,Xemacs#LOR
2020,Summer,xPhanpy#dil,Liquid Blade#4th,xPhanpy#dil
2020,Summer,king kang#HUGE,War Koala#1650,king kang#HUGE
2020,Summer,JLu TFT#NA1,abrahampark#NA1,JLu TFT#NA1
2020,Summer,xPhanpy#dil,yabuo#BUO,xPhanpy#dil
2020,Summer,Xemacs#LOR,Dark Star#FFG,Xemacs#LOR
2020,Summer,JLu TFT#NA1,king kang#HUGE,king kang#HUGE
2020,Summer,War Koala#1650,TranquilTurtle#NA1,TranquilTurtle#NA1
2020,Summer,xPhanpy#dil,Xemacs#LOR,Xemacs#LOR
2020,Summer,Dark Star#FFG,Liquid Blade#4th,Dark Star#FFG
2020,Summer,JLu TFT#NA1,War Koala#1650,JLu TFT#NA1
2020,Summer,Xemacs#LOR,Liquid Blade#4th,Liquid Blade#4th
2020,Summer,yabuo#BUO,Dark Star#FFG,Dark Star#FFG
2020,Summer,War Koala#1650,abrahampark#NA1,War Koala#1650
2020,Summer,king kang#HUGE,TranquilTurtle#NA1,king kang#HUGE
2020,Summer,Liquid Blade#4th,yabuo#BUO,Liquid Blade#4th
2020,Summer,Dark Star#FFG,xPhanpy#dil,Dark Star#FFG
2020,Summer,TranquilTurtle#NA1,JLu TFT#NA1,TranquilTurtle#NA1
2020,Summer,abrahampark#NA1,king kang#HUGE,king kang#HUGE