Year,Tournament,Match Stage,Match Order,Player,Champion,K,D,A
2026,Summer,Finals,11,Voidliss#NA1,Tristana,5,1,11
2026,Summer,Finals,11,Taco1518#NA1,Garen,4,0,5
2026,Summer,Finals,11,RichGamebuddy#NA1,Zac,2,0,13
2026,Summer,Finals,11,Ene#TFT,Akali,9,1,5
2026,Summer,Finals,11,maomer#bao,Nami,0,3,12
2026,Summer,Finals,11,ChaidyLarry#Larry,Trundle,0,3,0
2026,Summer,Finals,11,smile#dude,Hecarim,4,3,1
2026,Summer,Finals,11,SK Telecom T1#Faker,Hwei,0,4,1
2026,Summer,Finals,11,rlylost#NA1,Zyra,0,4,4
2026,Summer,Finals,11,LightningFst#1008,Thresh,1,6,3
2026,Summer,Finals,10,Voidliss#NA1,Ashe,4,1,16
2026,Summer,Finals,10,Taco1518#NA1,Fiora,8,0,6
2026,Summer,Finals,10,RichGamebuddy#NA1,Lillia,8,1,10
2026,Summer,Finals,10,Ene#TFT,Aurora,4,3,9
2026,Summer,Finals,10,maomer#bao,Seraphine,2,0,17
2026,Summer,Finals,10,ChaidyLarry#Larry,K'Sante,1,2,0
2026,Summer,Finals,10,smile#dude,Xin Zhao,1,7,1
2026,Summer,Finals,10,SK Telecom T1#Faker,Yone,1,7,2
2026,Summer,Finals,10,rlylost#NA1,Xerath,1,3,0
2026,Summer,Finals,10,LightningFst#1008,Nautilus,1,7,2
2026,Summer,Finals,9,Voidliss#NA1,Sivir,1,7,5
2026,Summer,Finals,9,Taco1518#NA1,Olaf,4,10,4
2026,Summer,Finals,9,RichGamebuddy#NA1,Nocturne,1,7,5
2026,Summer,Finals,9,Ene#TFT,Syndra,9,5,4
2026,Summer,Finals,9,maomer#bao,Braum,0,5,8
2026,Summer,Finals,9,ChaidyLarry#Larry,Kled,6,2,16
2026,Summer,Finals,9,smile#dude,Graves,16,3,8
2026,Summer,Finals,9,SK Telecom T1#Faker,Viktor,6,5,12
2026,Summer,Finals,9,rlylost#NA1,Veigar,4,4,20
2026,Summer,Finals,9,LightningFst#1008,Leona,1,1,16
2026,Summer,Semifinals,8,Voidliss#NA1,Zeri,6,6,7
2026,Summer,Semifinals,8,Taco1518#NA1,Jax,8,9,5
2026,Summer,Semifinals,8,RichGamebuddy#NA1,Wukong,2,3,8
2026,Summer,Semifinals,8,Ene#TFT,Zoe,7,2,5
2026,Summer,Semifinals,8,maomer#bao,Yuumi,0,5,12
2026,Summer,Semifinals,8,Zhangshi#9859,Renekton,2,5,6
2026,Summer,Semifinals,8,Xemacs#LOR,Kayn,4,5,12
2026,Summer,Semifinals,8,一見鍾情#1314,Ryze,11,2,9
2026,Summer,Semifinals,8,SnuggleHero#NA1,Veigar,7,7,8
2026,Summer,Semifinals,8,police defunder#NA1,Amumu,1,4,17
2026,Summer,Semifinals,7,Voidliss#NA1,Kai'Sa,16,1,4
2026,Summer,Semifinals,7,Taco1518#NA1,Cho'Gath,6,0,9
2026,Summer,Semifinals,7,RichGamebuddy#NA1,Warwick,2,2,18
2026,Summer,Semifinals,7,Ene#TFT,Ahri,5,1,14
2026,Summer,Semifinals,7,maomer#bao,Nautilus,0,4,14
2026,Summer,Semifinals,7,Zhangshi#9859,Sion,1,7,3
2026,Summer,Semifinals,7,Xemacs#LOR,Gwen,5,6,2
2026,Summer,Semifinals,7,一見鍾情#1314,Azir,1,4,1
2026,Summer,Semifinals,7,SnuggleHero#NA1,Ezreal,1,5,3
2026,Summer,Semifinals,7,police defunder#NA1,Taric,0,7,6
2026,Summer,Semifinals,6,Voidliss#NA1,Corki,3,4,4
2026,Summer,Semifinals,6,Taco1518#NA1,Nasus,4,9,5
2026,Summer,Semifinals,6,RichGamebuddy#NA1,Noctunre,3,8,5
2026,Summer,Semifinals,6,Ene#TFT,Viktor,2,5,7
2026,Summer,Semifinals,6,maomer#bao,Nami,1,8,7
2026,Summer,Semifinals,6,Zhangshi#9859,Garen,7,2,8
2026,Summer,Semifinals,6,Xemacs#LOR,Brair,8,5,9
2026,Summer,Semifinals,6,一見鍾情#1314,Syndra,13,1,12
2026,Summer,Semifinals,6,SnuggleHero#NA1,Cassiopeia,2,3,10
2026,Summer,Semifinals,6,police defunder#NA1,Shen,4,2,20
2026,Summer,Semifinals,7,ChaidyLarry#Larry,Gwen,8,1,6
2026,Summer,Semifinals,7,smile#dude,Nocturne,8,5,14
2026,Summer,Semifinals,7,SK Telecom T1#Faker,Yone,9,3,15
2026,Summer,Semifinals,7,rlylost#NA1,Xerath,4,1,13
2026,Summer,Semifinals,7,LightningFst#1008,Leona,3,3,8
2026,Summer,Semifinals,7,War Koala#1650,Dr. Mundo,1,5,3
2026,Summer,Semifinals,7,blizzardpenguin#roast,Jarvan IV,4,8,8
2026,Summer,Semifinals,7,DeMeatus#NA1,Akali,4,8,7
2026,Summer,Semifinals,7,A Gay Raccoon#RNG,Miss Fortune,4,6,4
2026,Summer,Semifinals,7,kingslayer#beep,Braum,0,5,8
2026,Summer,Semifinals,6,ChaidyLarry#Larry,Gnar,8,4,13
2026,Summer,Semifinals,6,smile#dude,Kayn,13,6,11
2026,Summer,Semifinals,6,SK Telecom T1#Faker,Syndra,7,4,19
2026,Summer,Semifinals,6,rlylost#NA1,Seraphine,4,1,22
2026,Summer,Semifinals,6,LightningFst#1008,Alistar,2,3,20
2026,Summer,Semifinals,6,War Koala#1650,Sion,0,6,10
2026,Summer,Semifinals,6,blizzardpenguin#roast,Graves,3,7,9
2026,Summer,Semifinals,6,DeMeatus#NA1,Sylas,5,8,11
2026,Summer,Semifinals,6,A Gay Raccoon#RNG,Mel,8,6,5
2026,Summer,Semifinals,6,kingslayer#beep,Galio,2,7,10
2026,Summer,Swiss Round 5,5,DeMeatus#NA1,Yone,13,5,13
2026,Summer,Swiss Round 5,5,War Koala#1650,Ornn,2,4,21
2026,Summer,Swiss Round 5,5,blizzardpenguin#roast,Kayn,9,5,15
2026,Summer,Swiss Round 5,5,A Gay Raccoon#RNG,Viktor,9,6,15
2026,Summer,Swiss Round 5,5,kingslayer#beep,Leona,1,8,18
2026,Summer,Swiss Round 5,5,Taco1518#NA1,Olaf,9,7,5
2026,Summer,Swiss Round 5,5,RichGamebuddy#NA1,Warwick,3,9,7
2026,Summer,Swiss Round 5,5,Ene#TFT,Syndra,5,8,7
2026,Summer,Swiss Round 5,5,Voidliss#NA1,Zeri,10,6,7
2026,Summer,Swiss Round 5,5,maomer#bao,Yuumi,1,4,16
2026,Summer,Swiss Round 5,5,ChaidyLarry#Larry,Trundle,7,0,8
2026,Summer,Swiss Round 5,5,smile#dude,Kayn,10,3,9
2026,Summer,Swiss Round 5,5,SK Telecom T1#Faker,Viktor,4,5,8
2026,Summer,Swiss Round 5,5,rlylost#NA1,Seraphine,6,1,11
2026,Summer,Swiss Round 5,5,LightningFst#1008,Leona,1,2,17
2026,Summer,Swiss Round 5,5,Inspiring#309,Shen,4,6,3
2026,Summer,Swiss Round 5,5,torpid7#kitty,Hecarim,2,6,6
2026,Summer,Swiss Round 5,5,MeguFace#69,Aurora,3,5,4
2026,Summer,Swiss Round 5,5,baober#bao,Mel,2,4,1
2026,Summer,Swiss Round 5,5,CloaknRaven#NA1,Galio,0,7,6
2026,Summer,Swiss Round 5,5,Xemacs#LOR,Kayn,5,1,13
2026,Summer,Swiss Round 5,5,SnuggleHero#NA1,Azir,6,4,5
2026,Summer,Swiss Round 5,5,Zhangshi#9859,Yone,2,6,5
2026,Summer,Swiss Round 5,5,一見鍾情#1314,Ezreal,12,2,6
2026,Summer,Swiss Round 5,5,police defunder#NA1,Leona,3,2,17
2026,Summer,Swiss Round 5,5,Bloodyninja1122#NA1,Mordekaiser,3,7,0
2026,Summer,Swiss Round 5,5,No Love#NA1,Nocturne,7,11,3
2026,Summer,Swiss Round 5,5,Sarcasm#Riven,Galio,1,2,6
2026,Summer,Swiss Round 5,5,PlightOfTheFlake#NA1,Syndra,2,8,2
2026,Summer,Swiss Round 5,5,ˇchooˇ#hehe,Janna,1,0,9
2026,Summer,Swiss Round 5,5,greenepic#NA1,Illaoi,8,10,2
2026,Summer,Swiss Round 5,5,Ixtali Princess#Diva,Jarvan IV,3,11,5
2026,Summer,Swiss Round 5,5,Smiley Quokka#Smile,Gangplank,1,18,6
2026,Summer,Swiss Round 5,5,MENTAL MOUNTAIN#KEN,Xerath,4,5,3
2026,Summer,Swiss Round 5,5,herrypotta#713,Lux,4,8,3
2026,Summer,Swiss Round 5,5,Kiny#0001,Yasuo,11,9,5
2026,Summer,Swiss Round 5,5,KocLV#FREE,Talon,9,5,11
2026,Summer,Swiss Round 5,5,ASH Ashwin#ash,Orianna,26,3,13
2026,Summer,Swiss Round 5,5,Arachnobat#LOR,Kog'Maw,6,1,7
2026,Summer,Swiss Round 5,5,WaningEmbers#NA1,Karma,0,3,32
2026,Summer,Swiss Round 4,4,DeMeatus#NA1,Akali,8,1,7
2026,Summer,Swiss Round 4,4,War Koala#1650,Ornn,3,3,7
2026,Summer,Swiss Round 4,4,blizzardpenguin#roast,Jarvan IV,13,0,12
2026,Summer,Swiss Round 4,4,A Gay Raccoon#RNG,Ashe,4,5,11
2026,Summer,Swiss Round 4,4,kingslayer#beep,Seraphine,3,6,11
2026,Summer,Swiss Round 4,4,greenepic#NA1,Darius,1,6,4
2026,Summer,Swiss Round 4,4,MENTAL MOUNTAIN#KEN,Nocturne,4,8,5
2026,Summer,Swiss Round 4,4,Smiley Quokka#Smile,Zed,6,4,1
2026,Summer,Swiss Round 4,4,Ixtali Princess#Diva,Lux,2,8,8
2026,Summer,Swiss Round 4,4,herrypotta#713,Vel'Koz,2,5,4
2026,Summer,Swiss Round 4,4,Inspiring#309,Vi,12,7,11
2026,Summer,Swiss Round 4,4,torpid7#kitty,Vayne,10,7,8
2026,Summer,Swiss Round 4,4,MeguFace#69,Orianna,11,6,15
2026,Summer,Swiss Round 4,4,baober#bao,Ashe,7,2,12
2026,Summer,Swiss Round 4,4,CloaknRaven#NA1,Fiddlesticks,4,7,8
2026,Summer,Swiss Round 4,4,Kiny#0001,Garen,4,7,10
2026,Summer,Swiss Round 4,4,ASH Ashwin#ash,Lee Sin,14,10,10
2026,Summer,Swiss Round 4,4,KocLV#FREE,Diana,8,12,6
2026,Summer,Swiss Round 4,4,Arachnobat#LOR,Sivir,2,9,6
2026,Summer,Swiss Round 4,4,WaningEmbers#NA1,Seraphine,1,6,7
2026,Summer,Swiss Round 4,4,Xemacs#LOR,Kayn,12,1,11
2026,Summer,Swiss Round 4,4,Zhangshi#9859,Garen,7,4,5
2026,Summer,Swiss Round 4,4,一見鍾情#1314,Syndra,7,4,17
2026,Summer,Swiss Round 4,4,SnuggleHero#NA1,Cassiopeia,4,5,15
2026,Summer,Swiss Round 4,4,police defunder#NA1,Camille,4,4,18
2026,Summer,Swiss Round 4,4,Taco1518#NA1,Cho'Gath,5,9,6
2026,Summer,Swiss Round 4,4,RichGamebuddy#NA1,Nocturne,0,10,7
2026,Summer,Swiss Round 4,4,Ene#TFT,Ahri,5,4,1
2026,Summer,Swiss Round 4,4,Voidliss#NA1,Zeri,8,7,6
2026,Summer,Swiss Round 4,4,maomer#bao,Yuumi,0,5,15
2026,Summer,Swiss Round 4,4,ChaidyLarry#Larry,Trundle,7,2,0
2026,Summer,Swiss Round 4,4,smile#dude,Viego,5,1,7
2026,Summer,Swiss Round 4,4,SK Telecom T1#Faker,Xerath,3,0,11
2026,Summer,Swiss Round 4,4,rlylost#NA1,Seraphine,3,0,5
2026,Summer,Swiss Round 4,4,LightningFst#1008,Blitzcrank,1,4,5
2026,Summer,Swiss Round 4,4,Bloodyninja1122#NA1,Yorick,3,5,1
2026,Summer,Swiss Round 4,4,No Love#NA1,Olaf,3,7,2
2026,Summer,Swiss Round 4,4,Sarcasm#Riven,Malzahar,0,3,1
2026,Summer,Swiss Round 4,4,PlightOfTheFlake#NA1,Ziggs,1,3,1
2026,Summer,Swiss Round 4,4,ˇchooˇ#hehe,Milio,0,1,6
2026,Summer,Swiss Round 3,3,Voidliss#NA1,Corki,9,2,11
2026,Summer,Swiss Round 3,3,Taco1518#NA1,Dr. Mundo,3,0,8
2026,Summer,Swiss Round 3,3,RichGamebuddy#NA1,Nocturne,10,4,11
2026,Summer,Swiss Round 3,3,Ene#TFT,Ahri,6,3,9
2026,Summer,Swiss Round 3,3,maomer#bao,Nautilus,1,4,14
2026,Summer,Swiss Round 3,3,ChaidyLarry#Larry,Nasus,2,3,4
2026,Summer,Swiss Round 3,3,smile#dude,Naafiri,5,7,3
2026,Summer,Swiss Round 3,3,SK Telecom T1#Faker,Syndra,2,5,7
2026,Summer,Swiss Round 3,3,rlylost#NA1,Xerath,3,7,4
2026,Summer,Swiss Round 3,3,LightningFst#1008,Leona,1,7,6
2026,Summer,Swiss Round 3,3,No Love#NA1,Naafiri,16,2,5
2026,Summer,Swiss Round 3,3,Bloodyninja1122#NA1,Rumble,7,2,8
2026,Summer,Swiss Round 3,3,Sarcasm#Riven,Renekton,5,2,7
2026,Summer,Swiss Round 3,3,PlightOfTheFlake#NA1,Seraphine,2,0,9
2026,Summer,Swiss Round 3,3,ˇchooˇ#hehe,Soraka,1,0,20
2026,Summer,Swiss Round 3,3,Inspiring#309,Heimerdinger,2,8,2
2026,Summer,Swiss Round 3,3,torpid7#kitty,Karthus,2,9,2
2026,Summer,Swiss Round 3,3,MeguFace#69,Riven,2,8,2
2026,Summer,Swiss Round 3,3,baober#bao,Ashe,0,2,2
2026,Summer,Swiss Round 3,3,CloaknRaven#NA1,Galio,0,4,2
2026,Summer,Swiss Round 3,3,DeMeatus#NA1,Locke,21,4,7
2026,Summer,Swiss Round 3,3,War Koala#1650,Ornn,1,4,13
2026,Summer,Swiss Round 3,3,blizzardpenguin#roast,Lillia,4,1,20
2026,Summer,Swiss Round 3,3,A Gay Raccoon#RNG,Ashe,6,2,15
2026,Summer,Swiss Round 3,3,kingslayer#beep,Seraphine,0,2,27
2026,Summer,Swiss Round 3,3,Kiny#0001,Aatrox,4,4,2
2026,Summer,Swiss Round 3,3,ASH Ashwin#ash,Udyr,1,6,5
2026,Summer,Swiss Round 3,3,KocLV#FREE,Annie,6,7,4
2026,Summer,Swiss Round 3,3,Arachnobat#LOR,Vel'Koz,1,6,7
2026,Summer,Swiss Round 3,3,WaningEmbers#NA1,Nautilus,1,9,7
2026,Summer,Swiss Round 3,3,Xemacs#LOR,Gwen,10,1,5
2026,Summer,Swiss Round 3,3,Zhangshi#9859,Darius,5,5,5
2026,Summer,Swiss Round 3,3,SnuggleHero#NA1,Veigar,3,2,8
2026,Summer,Swiss Round 3,3,一見鍾情#1314,Ezreal,14,2,8
2026,Summer,Swiss Round 3,3,police defunder#NA1,Camille,4,3,17
2026,Summer,Swiss Round 3,3,greenepic#NA1,Nasus,4,6,3
2026,Summer,Swiss Round 3,3,MENTAL MOUNTAIN#KEN,Wukong,2,7,4
2026,Summer,Swiss Round 3,3,Smiley Quokka#Smile,Syndra,4,6,3
2026,Summer,Swiss Round 3,3,Ixtali Princess#Diva,Taliyah,3,9,2
2026,Summer,Swiss Round 3,3,herrypotta#713,Seraphine,0,8,5
2026,Summer,Swiss Round 2,2,Sarcasm#Riven,Renekton,1,0,6
2026,Summer,Swiss Round 2,2,No Love#NA1,Nocturne,6,2,9
2026,Summer,Swiss Round 2,2,PlightOfTheFlake#NA1,Syndra,5,0,5
2026,Summer,Swiss Round 2,2,Bloodyninja1122#NA1,Rumble,6,4,9
2026,Summer,Swiss Round 2,2,ˇchooˇ#hehe,Milio,0,0,17
2026,Summer,Swiss Round 2,2,War Koala#1650,Ornn,2,1,2
2026,Summer,Swiss Round 2,2,blizzardpenguin#roast,Bel'Veth,0,4,2
2026,Summer,Swiss Round 2,2,DeMeatus#NA1,Swain,2,2,3
2026,Summer,Swiss Round 2,2,A Gay Raccoon#RNG,Ashe,1,6,4
2026,Summer,Swiss Round 2,2,kingslayer#beep,Seraphine,1,5,4
2026,Summer,Swiss Round 2,2,Voidliss#NA1,Zeri,15,3,10
2026,Summer,Swiss Round 2,2,Taco1518#NA1,Garen,3,3,8
2026,Summer,Swiss Round 2,2,RichGamebuddy#NA1,Warwick,3,4,11
2026,Summer,Swiss Round 2,2,Ene#TFT,Akali,11,2,6
2026,Summer,Swiss Round 2,2,maomer#bao,Yuumi,2,3,22
2026,Summer,Swiss Round 2,2,Inspiring#309,Shen,1,6,6
2026,Summer,Swiss Round 2,2,torpid7#kitty,Wukong,5,6,5
2026,Summer,Swiss Round 2,2,MeguFace#69,Yasuo,7,9,5
2026,Summer,Swiss Round 2,2,baober#bao,Mel,1,6,5
2026,Summer,Swiss Round 2,2,CloaknRaven#NA1,Fiddlesticks,1,7,8
2026,Summer,Swiss Round 2,2,ChaidyLarry#Larry,Kled,4,2,11
2026,Summer,Swiss Round 2,2,smile#dude,Kayn,15,4,14
2026,Summer,Swiss Round 2,2,SK Telecom T1#Faker,Viktor,9,3,19
2026,Summer,Swiss Round 2,2,rlylost#NA1,Seraphine,8,2,23
2026,Summer,Swiss Round 2,2,LightningFst#1008,Alistar,2,0,31
2026,Summer,Swiss Round 2,2,Zhangshi#9859,Aatrox,0,8,2
2026,Summer,Swiss Round 2,2,Xemacs#LOR,Vi,4,8,5
2026,Summer,Swiss Round 2,2,SnuggleHero#NA1,Veigar,3,6,1
2026,Summer,Swiss Round 2,2,一見鍾情#1314,Dr. Mundo,0,8,3
2026,Summer,Swiss Round 2,2,police defunder#NA1,Leona,4,8,6
2026,Summer,Swiss Round 2,2,greenepic#NA1,Volibear,11,5,7
2026,Summer,Swiss Round 2,2,MENTAL MOUNTAIN#KEN,Nocturne,11,5,11
2026,Summer,Swiss Round 2,2,Smiley Quokka#Smile,Nasus,10,1,7
2026,Summer,Swiss Round 2,2,Ixtali Princess#Diva,Taliyah,6,4,9
2026,Summer,Swiss Round 2,2,herrypotta#713,Vel'Koz,0,2,9
2026,Summer,Swiss Round 2,2,Kiny#0001,Darius,7,9,1
2026,Summer,Swiss Round 2,2,ASH Ashwin#ash,Master Yi,4,10,6
2026,Summer,Swiss Round 2,2,KocLV#FREE,Cassiopeia,4,9,2
2026,Summer,Swiss Round 2,2,Arachnobat#LOR,Syndra,1,5,7
2026,Summer,Swiss Round 2,2,WaningEmbers#NA1,Seraphine,1,5,6
2026,Summer,Swiss Round 1,1,Voidliss#NA1,Corki,9,6,9
2026,Summer,Swiss Round 1,1,Taco1518#NA1,Trundle,8,5,7
2026,Summer,Swiss Round 1,1,RichGamebuddy#NA1,Nasus,1,6,16
2026,Summer,Swiss Round 1,1,Ene#TFT,Viktor,5,4,12
2026,Summer,Swiss Round 1,1,maomer#bao,Nautilus,1,9,12
2026,Summer,Swiss Round 1,1,Sarcasm#Riven,Olaf,4,4,8
2026,Summer,Swiss Round 1,1,No Love#NA1,Nocturne,10,8,13
2026,Summer,Swiss Round 1,1,PlightOfTheFlake#NA1,Galio,5,3,16
2026,Summer,Swiss Round 1,1,Bloodyninja1122#NA1,Rumble,10,6,12
2026,Summer,Swiss Round 1,1,ˇchooˇ#hehe,Nami,1,3,22
2026,Summer,Swiss Round 1,1,Inspiring#309,Tryndamere,0,2,7
2026,Summer,Swiss Round 1,1,torpid7#kitty,Shaco,13,1,12
2026,Summer,Swiss Round 1,1,MeguFace#69,Orianna,8,2,12
2026,Summer,Swiss Round 1,1,baober#bao,Ashe,6,3,13
2026,Summer,Swiss Round 1,1,CloaknRaven#NA1,Galio,2,2,18
2026,Summer,Swiss Round 1,1,War Koala#1650,Ornn,1,4,3
2026,Summer,Swiss Round 1,1,blizzardpenguin#roast,Wukong,4,6,2
2026,Summer,Swiss Round 1,1,DeMeatus#NA1,Viktor,1,5,3
2026,Summer,Swiss Round 1,1,A Gay Raccoon#RNG,Varus,4,7,3
2026,Summer,Swiss Round 1,1,kingslayer#beep,Braum,0,7,6
2026,Summer,Swiss Round 1,1,ChaidyLarry#Larry,K'Sante,1,1,4
2026,Summer,Swiss Round 1,1,smile#dude,Graves,10,0,4
2026,Summer,Swiss Round 1,1,SK Telecom T1#Faker,Syndra,4,0,4
2026,Summer,Swiss Round 1,1,rlylost#NA1,Seraphine,3,0,1
2026,Summer,Swiss Round 1,1,LightningFst#1008,Leona,2,1,16
2026,Summer,Swiss Round 1,1,greenepic#NA1,Garen,2,2,0
2026,Summer,Swiss Round 1,1,MENTAL MOUNTAIN#KEN,Nocturne,0,4,0
2026,Summer,Swiss Round 1,1,Ixtali Princess#Diva,Qiyana,0,5,0
2026,Summer,Swiss Round 1,1,Smiley Quokka#Smile,Galio,0,5,1
2026,Summer,Swiss Round 1,1,herrypotta#713,Karma,0,4,0
2026,Summer,Swiss Round 1,1,Xemacs#LOR,Wukong,6,8,16
2026,Summer,Swiss Round 1,1,Zhangshi#9859,Zion,3,6,10
2026,Summer,Swiss Round 1,1,一見鍾情#1314,Syndra,16,5,15
2026,Summer,Swiss Round 1,1,SnuggleHero#NA1,Cassiopeia,13,5,8
2026,Summer,Swiss Round 1,1,police defunder#NA1,Nautilus,2,6,18
2026,Summer,Swiss Round 1,1,Kiny#0001,Gnar,9,7,10
2026,Summer,Swiss Round 1,1,ASH Ashwin#ash,Jarvan IV,7,6,19
2026,Summer,Swiss Round 1,1,KocLV#FREE,Nasus,6,10,10
2026,Summer,Swiss Round 1,1,Arachnobat#LOR,Vel'Koz,7,8,9
2026,Summer,Swiss Round 1,1,WaningEmbers#NA1,Seraphine,1,10,16
2026,Winter,Finals,10,Voidliss#NA1,Zeri,10,0,7
2026,Winter,Finals,10,MENTAL MOUNTAIN#KEN,Shen,1,2,12
2026,Winter,Finals,10,KocLV#FREE,Diana,6,4,11
2026,Winter,Finals,10,一見鍾情#1314,Viktor,5,5,8
2026,Winter,Finals,10,AngusMcRib#DLLM,Nautilus,0,5,16
2026,Winter,Finals,10,I LOVE YOUR AUNT#AUNT,Mordekaiser,6,5,0
2026,Winter,Finals,10,smile#dude,Udyr,3,2,3
2026,Winter,Finals,10,SK Telecom T1#Faker,Syndra,3,5,7
2026,Winter,Finals,10,Zeteo#NA1,Miss Fortune,4,3,5
2026,Winter,Finals,10,Good in Theory#BAD,Braum,0,7,6
2026,Winter,Semifinals,9,SK Telecom T1#Faker,Viktor,8,1,7
2026,Winter,Semifinals,9,I LOVE YOUR AUNT#AUNT,Garen,7,3,2
2026,Winter,Semifinals,9,smile#dude,Dr. Mundo,4,1,12
2026,Winter,Semifinals,9,Zeteo#NA1,Sivir,3,3,12
2026,Winter,Semifinals,9,Good in Theory#BAD,Braum,0,5,15
2026,Winter,Semifinals,9,Shouba#69420,Sett,0,6,7
2026,Winter,Semifinals,9,Taco1518#NA1,Kayn,9,4,3
2026,Winter,Semifinals,9,Buzzzz#NA1,Cassiopeia,3,1,4
2026,Winter,Semifinals,9,Ene#TFT,Jinx,1,5,6
2026,Winter,Semifinals,9,Inspiring#309,Thresh,0,6,7
2026,Winter,Semifinals,9,Voidliss#NA1,Sivir,9,1,14
2026,Winter,Semifinals,9,MENTAL MOUNTAIN#KEN,Dr. Mundo,6,3,3
2026,Winter,Semifinals,9,KocLV#FREE,Diana,9,6,11
2026,Winter,Semifinals,9,一見鍾情#1314,Viktor,6,4,11
2026,Winter,Semifinals,9,AngusMcRib#DLLM,Braum,1,5,17
2026,Winter,Semifinals,9,JLu TFT#NA1,Mordekaiser,1,3,6
2026,Winter,Semifinals,9,Xemacs#LOR,Kayn,8,9,10
2026,Winter,Semifinals,9,go outsideee,Xerath,7,4,4
2026,Winter,Semifinals,9,benbooee#BEN,Aphelios,3,8,5
2026,Winter,Semifinals,9,LN2 Celsius#NA1,Leona,0,7,12
2026,Winter,Groups Round 8,8,SK Telecom T1#Faker,Ahri,4,5,8
2026,Winter,Groups Round 8,8,I LOVE YOUR AUNT#AUNT,Garen,10,4,14
2026,Winter,Groups Round 8,8,smile#dude,Ekko,10,4,14
2026,Winter,Groups Round 8,8,Zeteo#NA1,Sivir,10,6,17
2026,Winter,Groups Round 8,8,Good in Theory#BAD,Nautilus,1,5,22
2026,Winter,Groups Round 8,8,LN2 Celsius#NA1,Malphite,3,5,10
2026,Winter,Groups Round 8,8,Xemacs#LOR,Jax,3,8,13
2026,Winter,Groups Round 8,8,go outsideee,Diana,11,6,5
2026,Winter,Groups Round 8,8,benbooee#BEN,Miss Fortune,6,6,15
2026,Winter,Groups Round 8,8,JLu TFT#NA1,Leona,1,10,16
2026,Winter,Groups Round 7,7,Xemacs#LOR,Viego,9,5,13
2026,Winter,Groups Round 7,7,JLu TFT#NA1,Vayne,7,8,7
2026,Winter,Groups Round 7,7,go outsideee,Xerath,9,3,12
2026,Winter,Groups Round 7,7,benbooee#BEN,Miss Fortune,4,7,19
2026,Winter,Groups Round 7,7,LN2 Celsius#NA1,Leona,1,8,19
2026,Winter,Groups Round 7,7,HEHEHEHA,Gragas,6,7,13
2026,Winter,Groups Round 7,7,index#fngr,Zac,12,5,13
2026,Winter,Groups Round 7,7,LightBulb5942,Azir,4,3,4
2026,Winter,Groups Round 7,7,linarite,Ashe,7,8,12
2026,Winter,Groups Round 7,7,therandomdude,Braum,2,7,22
2026,Winter,Groups Round 7,7,Voidliss#NA1,Vayne,9,3,6
2026,Winter,Groups Round 7,7,MENTAL MOUNTAIN#KEN,Dr. Mundo,3,0,5
2026,Winter,Groups Round 7,7,KocLV#FREE,Diana,8,2,8
2026,Winter,Groups Round 7,7,一見鍾情#1314,Viktor,4,2,6
2026,Winter,Groups Round 7,7,AngusMcRib#DLLM,Nautilus,1,8,12
2026,Winter,Groups Round 7,7,Entropy#NA0,Cho'Gath,1,3,0
2026,Winter,Groups Round 7,7,Duckey#NA1,Viego,5,5,5
2026,Winter,Groups Round 7,7,abrahampark#NA1,Taliyah,3,3,6
2026,Winter,Groups Round 7,7,binkyb1inky#NA1,Xayah,4,6,6
2026,Winter,Groups Round 7,7,GeorgeWShrub#010,Leona,2,8,9
2026,Winter,Groups Round 6,6,Inspiring#309,Thresh,4,0,7
2026,Winter,Groups Round 6,6,Shouba#69420,Dr. Mundo,1,1,4
2026,Winter,Groups Round 6,6,Taco1518#NA1,Master Yi,6,1,3
2026,Winter,Groups Round 6,6,Buzzzz#NA1,Cassiopeia,5,4,5
2026,Winter,Groups Round 6,6,Ene#TFT,Jinx,1,0,7
2026,Winter,Groups Round 6,6,HEHEHEHA,Trundle,1,2,0
2026,Winter,Groups Round 6,6,index#fngr,Gwen,0,4,2
2026,Winter,Groups Round 6,6,LightBulb5942,Ryze,3,6,2
2026,Winter,Groups Round 6,6,linarite,Xayah,0,3,1
2026,Winter,Groups Round 6,6,therandomdude,Rakan,2,2,2
2026,Winter,Groups Round 6,6,SK Telecom T1#Faker,Viktor,0,1,14
2026,Winter,Groups Round 6,6,I LOVE YOUR AUNT#AUNT,Camille,5,2,5
2026,Winter,Groups Round 6,6,smile#dude,Gwen,15,2,6
2026,Winter,Groups Round 6,6,Zeteo#NA1,Sivir,7,0,13
2026,Winter,Groups Round 6,6,Good in Theory#BAD,Seraphine,0,3,16
2026,Winter,Groups Round 6,6,Taco1518#NA1,Cho'Gath,0,6,2
2026,Winter,Groups Round 6,6,Inspiring#309,Sylas,1,7,1
2026,Winter,Groups Round 6,6,Ene#TFT,Zoe,5,2,1
2026,Winter,Groups Round 6,6,Shouba#69420,Jinx,2,6,1
2026,Winter,Groups Round 6,6,Buzzzz#NA1,Braum,0,6,4
2026,Winter,Groups Round 5,5,Inspiring#309,Sylas,3,6,6
2026,Winter,Groups Round 5,5,Taco1518#NA1,Dr. Mundo,4,2,7
2026,Winter,Groups Round 5,5,Ene#TFT,Orianna,3,4,12
2026,Winter,Groups Round 5,5,Shouba#69420,Samira,8,3,7
2026,Winter,Groups Round 5,5,Buzzzz#NA1,zac,1,3,13
2026,Winter,Groups Round 5,5,JLu TFT#NA1,Mordekaiser,4,4,4
2026,Winter,Groups Round 5,5,go outsideee,Lillia,2,6,8
2026,Winter,Groups Round 5,5,Xemacs#LOR,Naafiri,5,4,7
2026,Winter,Groups Round 5,5,benbooee#BEN,Jhin,7,2,5
2026,Winter,Groups Round 5,5,Braum,Braum,0,4,9
2026,Winter,Groups Round 5,5,abrahampark#NA1,Aurelion Sol,9,2,12
2026,Winter,Groups Round 5,5,Entropy#NA0,Ornn,2,1,14
2026,Winter,Groups Round 5,5,Duckey#NA1,Viego,6,1,9
2026,Winter,Groups Round 5,5,binkyb1inky#NA1,Smolder,5,3,13
2026,Winter,Groups Round 5,5,GeorgeWShrub#010,Leona,2,3,17
2026,Winter,Groups Round 5,5,HEHEHEHA,Shen,1,7,4
2026,Winter,Groups Round 5,5,index#fngr,Ekko,7,5,3
2026,Winter,Groups Round 5,5,LightBulb5942,Azir,0,3,4
2026,Winter,Groups Round 5,5,linarite,Sivir,2,4,5
2026,Winter,Groups Round 5,5,therandomdude,Blitzcrank,0,5,6
2026,Winter,Groups Round 4,4,abrahampark#NA1,Aurelion Sol,7,5,11
2026,Winter,Groups Round 4,4,Entropy#NA0,Cho'Gath,4,6,9
2026,Winter,Groups Round 4,4,Duckey#NA1,Dr. Mundo,5,5,10
2026,Winter,Groups Round 4,4,binkyb1inky#NA1,Sivir,7,4,9
2026,Winter,Groups Round 4,4,GeorgeWShrub#010,Rell,1,6,16
2026,Winter,Groups Round 4,4,Shouba#69420,Malphite,4,5,12
2026,Winter,Groups Round 4,4,Inspiring#309,Lillia,10,3,13
2026,Winter,Groups Round 4,4,Ene#TFT,Syndra,4,6,13
2026,Winter,Groups Round 4,4,Taco1518#NA1,Jinx,8,6,12
2026,Winter,Groups Round 4,4,Buzzzz#NA1,Zac,0,4,15
2026,Winter,Groups Round 4,4,SK Telecom T1#Faker,Viktor,3,5,10
2026,Winter,Groups Round 4,4,I LOVE YOUR AUNT#AUNT,Urgot,4,5,5
2026,Winter,Groups Round 4,4,smile#dude,Diana,7,5,12
2026,Winter,Groups Round 4,4,Zeteo#NA1,Miss Fortune,10,3,8
2026,Winter,Groups Round 4,4,Good in Theory#BAD,Seraphine,0,3,14
2026,Winter,Groups Round 4,4,MENTAL MOUNTAIN#KEN,Shen,3,3,7
2026,Winter,Groups Round 4,4,KocLV#FREE,Ekko,5,3,7
2026,Winter,Groups Round 4,4,一見鍾情#1314,Brand,8,5,6
2026,Winter,Groups Round 4,4,Voidliss#NA1,Ashe,2,7,12
2026,Winter,Groups Round 4,4,AngusMcRib#DLLM,Poppy,3,6,6
2026,Winter,Groups Round 3,3,abrahampark#NA1,Twisted Fate,4,5,7
2026,Winter,Groups Round 3,3,Entropy#NA0,Ornn,2,7,9
2026,Winter,Groups Round 3,3,Duckey#NA1,Udyr,4,2,5
2026,Winter,Groups Round 3,3,binkyb1inky#NA1,Sivir,2,4,9
2026,Winter,Groups Round 3,3,GeorgeWShrub#010,Seraphine,1,3,11
2026,Winter,Groups Round 3,3,I LOVE YOUR AUNT#AUNT,Camille,8,5,10
2026,Winter,Groups Round 3,3,smile#dude,Cho'Gath,8,1,8
2026,Winter,Groups Round 3,3,SK Telecom T1#Faker,Syndra,4,3,8
2026,Winter,Groups Round 3,3,Zeteo#NA1,Miss Fortune,1,2,7
2026,Winter,Groups Round 3,3,Good in Theory#BAD,Sona,0,2,12
2026,Winter,Groups Round 3,3,Voidliss#NA1,Varus,10,6,14
2026,Winter,Groups Round 3,3,MENTAL MOUNTAIN#KEN,Sion,6,1,9
2026,Winter,Groups Round 3,3,KocLV#FREE,Diana,7,4,9
2026,Winter,Groups Round 3,3,一見鍾情#1314,Syndra,7,2,11
2026,Winter,Groups Round 3,3,AngusMcRib#DLLM,Nautilus,0,4,20
2026,Winter,Groups Round 3,3,JLu TFT#NA1,Urgot,1,5,7
2026,Winter,Groups Round 3,3,go outsideee,Ekko,5,5,7
2026,Winter,Groups Round 3,3,LN2 Celsius#NA1,Naafiri,0,6,5
2026,Winter,Groups Round 3,3,benbooee#BEN,Aphelios,9,6,6
2026,Winter,Groups Round 3,3,Xemacs#LOR,Neeko,2,8,12
2026,Winter,Groups Round 2,2,SK Telecom T1#Faker,Viktor,2,1,4
2026,Winter,Groups Round 2,2,I LOVE YOUR AUNT#AUNT,Garen,6,3,2
2026,Winter,Groups Round 2,2,smile#dude,Graves,3,1,4
2026,Winter,Groups Round 2,2,Zeteo#NA1,Sivir,4,0,4
2026,Winter,Groups Round 2,2,Good in Theory#BAD,Braum,0,0,8
2026,Winter,Groups Round 2,2,HEHEHEHA,Camille,2,4,2
2026,Winter,Groups Round 2,2,therandomdude,Ivern,1,2,4
2026,Winter,Groups Round 2,2,index#fngr,Kassadin,2,2,1
2026,Winter,Groups Round 2,2,linarite,Jhin,0,2,0
2026,Winter,Groups Round 2,2,LightBulb5942,Gragas,0,5,1
2026,Winter,Groups Round 2,2,Voidliss#NA1,Smolder,3,2,11
2026,Winter,Groups Round 2,2,MENTAL MOUNTAIN#KEN,Urgot,5,7,6
2026,Winter,Groups Round 2,2,KocLV#FREE,Dr. Mundo,2,3,9
2026,Winter,Groups Round 2,2,一見鍾情#1314,Syndra,8,5,6
2026,Winter,Groups Round 2,2,AngusMcRib#DLLM,Poppy,1,5,6
2026,Winter,Groups Round 2,2,Shouba#69420,Gwen,11,5,7
2026,Winter,Groups Round 2,2,Inspiring#309,Shen,0,4,12
2026,Winter,Groups Round 2,2,Ene#TFT,Ahri,5,2,9
2026,Winter,Groups Round 2,2,Taco1518#NA1,Jinx,6,3,6
2026,Winter,Groups Round 2,2,Buzzzz#NA1,Braum,0,5,13
2026,Winter,Groups Round 1,1,Voidliss#NA1,Sivir,9,0,10
2026,Winter,Groups Round 1,1,MENTAL MOUNTAIN#KEN,Sion,2,2,9
2026,Winter,Groups Round 1,1,KocLV#FREE,Diana,7,1,7
2026,Winter,Groups Round 1,1,一見鍾情#1314,Ryze,2,1,8
2026,Winter,Groups Round 1,1,AngusMcRib#DLLM,Nautilus,3,3,5
2026,Winter,Groups Round 1,1,HEHEHEHA,Yone,2,5,1
2026,Winter,Groups Round 1,1,index#fngr,Poppy,2,6,3
2026,Winter,Groups Round 1,1,LightBulb5942,Orianna,1,3,0
2026,Winter,Groups Round 1,1,linarite,Ashe,2,4,0
2026,Winter,Groups Round 1,1,therandomdude,Leona,0,5,4
2026,Winter,Groups Round 1,1,abrahampark#NA1,Anivia,4,4,3
2026,Winter,Groups Round 1,1,Entropy#NA0,Ornn,2,5,3
2026,Winter,Groups Round 1,1,Duckey#NA1,Ekko,4,5,6
2026,Winter,Groups Round 1,1,binkyb1inky#NA1,Caitlyn,1,5,4
2026,Winter,Groups Round 1,1,GeorgeWShrub#010,Alistar,2,5,4
2026,Winter,Groups Round 1,1,JLu TFT#NA1,Fiora,2,6,6
2026,Winter,Groups Round 1,1,go outsideee,Lillia,9,0,9
2026,Winter,Groups Round 1,1,Xemacs#LOR,Morgana,3,2,12
2026,Winter,Groups Round 1,1,benbooee#BEN,Aphelios,9,1,4
2026,Winter,Groups Round 1,1,LN2 Celsius#NA1,Leona,1,4,14